Araña,http://www.aracnipedia.com
Abeja,http://www.abejapedia.com
Águila,http://www.aguilapedia.com
Airedale terrier,http://www.airedaleterrierpedia.com
Albatros,http://www.albatrospedia.com
Ardilla,http://www.ardillapedia.com
Avestruz,http://www.avestruzpedia.com
Avispa,http://www.avispapedia.com
Ballena,http://www.ballenapedia.com
Beagle,http://www.beaglepedia.com
Boxer,http://www.boxerspedia.com
Búho,http://www.buhopedia.com
Buitre,http://www.buitrepedia.com
Caballito de mar,http://www.caballitodemarpedia.com
Caballo,http://www.caballopedia.com
Calamar,http://www.calamarpedia.com
Cangrejo,http://www.cangrejopedia.com
Canguro,http://www.canguropedia.com
Caracol,http://www.caracolpedia.com
Chihuahua,http://www.chihuahuapedia.com
Chimpancé,http://www.chimpancepedia.com
Cocodrilo,http://www.cocodrilopedia.com
Colibrí,http://www.colibripedia.com
Conejo,http://www.conejopedia.com
Cucaracha,http://www.cucarachapedia.com
Delfín,http://www.delfinpedia.com
Dinosaurio,http://www.dinosauriopedia.com
Doberman,http://www.dobermanpedia.com
Dogo de burdeos,http://www.dogodeburdeospedia.com
Elefante,http://www.elefantepedia.com
Escarabajo,http://www.escarabajopedia.com
Escorpión,http://www.escorpionpedia.com
Flamenco,http://www.flamencopedia.com
Foca,http://www.focapedia.com
Gato,http://www.gatospedia.com
Gato Persa,http://www.gatopersapedia.com
Gatos Siamés,http://www.gatosiamespedia.com
Gorila,http://www.gorilapedia.com
Guepardo,http://www.guepardopedia.com
Halcón,http://www.halconpedia.com
Hámster,http://www.hamsterpedia.net
Hiena,http://www.hienapedia.com
Hipopótamo,http://www.hipopotamopedia.com
Hormiga,http://www.hormigapedia.com
Jirafa,http://www.jirafapedia.com
Koala,http://www.koalapedia.com
Lagarto,http://www.lagartopedia.com
Lémur,http://www.lemurpedia.com
León,http://www.leonpedia.com
León marino,http://www.leonmarinopedia.com
Leopardo,http://www.leopardopedia.com
Libelula,http://www.libelulapedia.com
Lince,http://www.lincepedia.com
Lobo,http://www.lobopedia.es
Manatí,http://www.manatipedia.com
Manta raya,http://www.mantarayapedia.com
Mapache,http://www.mapachepedia.com
Mariposa,http://www.mariposapedia.com
Mascota,http://www.mascotapedia.com
Medusa,http://www.medusapedia.com
Mono,http://www.monospedia.com
Morsa,http://www.morsapedia.com
Murciélago,http://www.murcielagopedia.com
Nutria,http://www.nutriapedia.com
Orangután,http://www.orangutanpedia.com
Orca,http://www.orcapedia.com
Ornitorrinco,http://www.ornitorrincopedia.com
Oso,http://www.osopedia.com
Oso polar,http://www.osopolarpedia.com
Pastors alemán,http://www.pastoralemanpedia.com
Pavo real,http://www.pavorealpedia.com
Perro,http://www.perrospedia.com
Pingüino,http://www.pinguinopedia.com
Pulpo,http://www.pulpopedia.com
Puma,http://www.pumapedia.com
Rana,http://www.ranapedia.com
Retriever,http://www.retrieverpedia.com
Rinoceronte,http://www.rinocerontepedia.com
Rottweiler,http://www.rottweilerpedia.net
Salamandra,http://www.salamandrapedia.com
Schnauzer,http://www.schnauzerpedia.com
Serpiente,http://www.serpientepedia.com
Tiburón,http://www.tiburonpedia.com
Tigre,http://www.tigrepedia.com
Tortuga marina,http://www.tortugamarinapedia.com
Venado,http://www.venadopedia.com
Zorro,http://www.zorropedia.com